-- ============================================================
-- PlatinumRx Assignment | Clinic Management System
-- File: 03_Clinic_Schema_Setup.sql
-- Purpose: Create tables and insert sample data
-- ============================================================

DROP TABLE IF EXISTS expenses;
DROP TABLE IF EXISTS clinic_sales;
DROP TABLE IF EXISTS customer;
DROP TABLE IF EXISTS clinics;

-- ============================================================
-- TABLE: clinics
-- ============================================================
CREATE TABLE clinics (
    cid          VARCHAR(50) PRIMARY KEY,
    clinic_name  VARCHAR(100),
    city         VARCHAR(100),
    state        VARCHAR(100),
    country      VARCHAR(100)
);

-- ============================================================
-- TABLE: customer
-- ============================================================
CREATE TABLE customer (
    uid    VARCHAR(50) PRIMARY KEY,
    name   VARCHAR(100),
    mobile VARCHAR(20)
);

-- ============================================================
-- TABLE: clinic_sales
-- ============================================================
CREATE TABLE clinic_sales (
    oid           VARCHAR(50) PRIMARY KEY,
    uid           VARCHAR(50),
    cid           VARCHAR(50),
    amount        DECIMAL(10, 2),
    datetime      DATETIME,
    sales_channel VARCHAR(50),
    FOREIGN KEY (uid) REFERENCES customer(uid),
    FOREIGN KEY (cid) REFERENCES clinics(cid)
);

-- ============================================================
-- TABLE: expenses
-- ============================================================
CREATE TABLE expenses (
    eid         VARCHAR(50) PRIMARY KEY,
    cid         VARCHAR(50),
    description VARCHAR(200),
    amount      DECIMAL(10, 2),
    datetime    DATETIME,
    FOREIGN KEY (cid) REFERENCES clinics(cid)
);

-- ============================================================
-- SAMPLE DATA: clinics
-- ============================================================
INSERT INTO clinics (cid, clinic_name, city, state, country) VALUES
('cnc-0100001', 'HealthFirst Clinic', 'Hyderabad', 'Telangana',   'India'),
('cnc-0100002', 'CareWell Clinic',    'Hyderabad', 'Telangana',   'India'),
('cnc-0100003', 'MediCare Clinic',    'Chennai',   'Tamil Nadu',  'India'),
('cnc-0100004', 'LifeLine Clinic',    'Chennai',   'Tamil Nadu',  'India'),
('cnc-0100005', 'CityHealth Clinic',  'Mumbai',    'Maharashtra', 'India'),
('cnc-0100006', 'PrimeCare Clinic',   'Mumbai',    'Maharashtra', 'India');

-- ============================================================
-- SAMPLE DATA: customer
-- ============================================================
INSERT INTO customer (uid, name, mobile) VALUES
('cust-001', 'John Doe',     '9700000001'),
('cust-002', 'Jane Smith',   '9700000002'),
('cust-003', 'Ravi Kumar',   '9700000003'),
('cust-004', 'Priya Nair',   '9700000004'),
('cust-005', 'Amit Sharma',  '9700000005'),
('cust-006', 'Sneha Reddy',  '9700000006'),
('cust-007', 'Karan Patel',  '9700000007'),
('cust-008', 'Divya Iyer',   '9700000008'),
('cust-009', 'Rohit Mehta',  '9700000009'),
('cust-010', 'Anjali Singh', '9700000010');

-- ============================================================
-- SAMPLE DATA: clinic_sales (2021, multiple channels)
-- ============================================================
INSERT INTO clinic_sales (oid, uid, cid, amount, datetime, sales_channel) VALUES
('ord-001', 'cust-001', 'cnc-0100001', 2499.00, '2021-01-05 10:00:00', 'walk-in'),
('ord-002', 'cust-002', 'cnc-0100001', 1999.00, '2021-01-10 11:00:00', 'online'),
('ord-003', 'cust-003', 'cnc-0100002', 3500.00, '2021-01-15 09:00:00', 'referral'),
('ord-004', 'cust-004', 'cnc-0100003', 2000.00, '2021-01-20 14:00:00', 'walk-in'),
('ord-005', 'cust-005', 'cnc-0100004', 4500.00, '2021-01-25 13:00:00', 'online'),
('ord-006', 'cust-006', 'cnc-0100005', 1500.00, '2021-01-28 15:00:00', 'sodat'),
('ord-007', 'cust-007', 'cnc-0100006', 2800.00, '2021-01-30 10:00:00', 'walk-in'),
('ord-008', 'cust-001', 'cnc-0100001', 3200.00, '2021-02-03 09:00:00', 'online'),
('ord-009', 'cust-008', 'cnc-0100002', 1800.00, '2021-02-10 11:00:00', 'walk-in'),
('ord-010', 'cust-009', 'cnc-0100003', 5000.00, '2021-02-14 14:00:00', 'referral'),
('ord-011', 'cust-010', 'cnc-0100004', 2200.00, '2021-02-20 13:00:00', 'sodat'),
('ord-012', 'cust-002', 'cnc-0100005', 3800.00, '2021-02-25 15:00:00', 'walk-in'),
('ord-013', 'cust-003', 'cnc-0100001', 4200.00, '2021-03-05 10:00:00', 'online'),
('ord-014', 'cust-004', 'cnc-0100002', 2600.00, '2021-03-12 11:00:00', 'walk-in'),
('ord-015', 'cust-005', 'cnc-0100003', 1900.00, '2021-03-18 09:00:00', 'referral'),
('ord-016', 'cust-006', 'cnc-0100004', 3300.00, '2021-03-22 14:00:00', 'online'),
('ord-017', 'cust-001', 'cnc-0100005', 2100.00, '2021-03-28 13:00:00', 'sodat'),
('ord-018', 'cust-007', 'cnc-0100001', 5500.00, '2021-04-02 10:00:00', 'walk-in'),
('ord-019', 'cust-008', 'cnc-0100002', 1700.00, '2021-04-10 11:00:00', 'online'),
('ord-020', 'cust-009', 'cnc-0100003', 4000.00, '2021-04-18 09:00:00', 'referral'),
('ord-021', 'cust-010', 'cnc-0100006', 2900.00, '2021-04-25 14:00:00', 'walk-in'),
('ord-022', 'cust-001', 'cnc-0100001', 3600.00, '2021-05-05 10:00:00', 'sodat'),
('ord-023', 'cust-002', 'cnc-0100002', 2400.00, '2021-05-12 11:00:00', 'walk-in'),
('ord-024', 'cust-003', 'cnc-0100004', 1600.00, '2021-05-20 09:00:00', 'online'),
('ord-025', 'cust-004', 'cnc-0100005', 4800.00, '2021-05-28 14:00:00', 'referral'),
('ord-026', 'cust-005', 'cnc-0100001', 2700.00, '2021-06-06 10:00:00', 'walk-in'),
('ord-027', 'cust-006', 'cnc-0100003', 3900.00, '2021-06-14 11:00:00', 'online'),
('ord-028', 'cust-007', 'cnc-0100004', 1400.00, '2021-06-22 09:00:00', 'sodat'),
('ord-029', 'cust-008', 'cnc-0100006', 5200.00, '2021-06-28 14:00:00', 'referral'),
('ord-030', 'cust-001', 'cnc-0100001', 4100.00, '2021-07-04 10:00:00', 'online'),
('ord-031', 'cust-009', 'cnc-0100002', 2300.00, '2021-07-12 11:00:00', 'walk-in'),
('ord-032', 'cust-010', 'cnc-0100003', 3700.00, '2021-07-19 09:00:00', 'referral'),
('ord-033', 'cust-002', 'cnc-0100005', 1300.00, '2021-07-26 14:00:00', 'sodat'),
('ord-034', 'cust-003', 'cnc-0100001', 4900.00, '2021-08-03 10:00:00', 'walk-in'),
('ord-035', 'cust-004', 'cnc-0100002', 2000.00, '2021-08-11 11:00:00', 'online'),
('ord-036', 'cust-005', 'cnc-0100004', 3100.00, '2021-08-19 09:00:00', 'referral'),
('ord-037', 'cust-006', 'cnc-0100006', 1800.00, '2021-08-27 14:00:00', 'walk-in'),
('ord-038', 'cust-001', 'cnc-0100001',24999.00, '2021-09-23 12:03:22', 'sodat'),
('ord-039', 'cust-007', 'cnc-0100002', 2500.00, '2021-09-10 11:00:00', 'online'),
('ord-040', 'cust-008', 'cnc-0100003', 3400.00, '2021-09-18 09:00:00', 'walk-in'),
('ord-041', 'cust-009', 'cnc-0100005', 1600.00, '2021-09-25 14:00:00', 'referral'),
('ord-042', 'cust-001', 'cnc-0100001', 5800.00, '2021-10-05 10:00:00', 'walk-in'),
('ord-043', 'cust-010', 'cnc-0100002', 2700.00, '2021-10-13 11:00:00', 'sodat'),
('ord-044', 'cust-002', 'cnc-0100004', 3200.00, '2021-10-21 09:00:00', 'online'),
('ord-045', 'cust-003', 'cnc-0100006', 1900.00, '2021-10-29 14:00:00', 'referral'),
('ord-046', 'cust-004', 'cnc-0100001', 4400.00, '2021-11-06 10:00:00', 'online'),
('ord-047', 'cust-005', 'cnc-0100002', 2100.00, '2021-11-14 11:00:00', 'walk-in'),
('ord-048', 'cust-006', 'cnc-0100003', 3600.00, '2021-11-22 09:00:00', 'sodat'),
('ord-049', 'cust-007', 'cnc-0100005', 1200.00, '2021-11-30 14:00:00', 'referral'),
('ord-050', 'cust-001', 'cnc-0100001', 6200.00, '2021-12-08 10:00:00', 'walk-in'),
('ord-051', 'cust-008', 'cnc-0100002', 2900.00, '2021-12-15 11:00:00', 'online'),
('ord-052', 'cust-009', 'cnc-0100004', 3800.00, '2021-12-22 09:00:00', 'referral'),
('ord-053', 'cust-010', 'cnc-0100006', 1500.00, '2021-12-29 14:00:00', 'sodat');

-- ============================================================
-- SAMPLE DATA: expenses (per clinic per month)
-- ============================================================
INSERT INTO expenses (eid, cid, description, amount, datetime) VALUES
('exp-001', 'cnc-0100001', 'rent',              15000.00, '2021-01-31'),
('exp-002', 'cnc-0100001', 'salaries',          25000.00, '2021-01-31'),
('exp-003', 'cnc-0100001', 'first-aid supplies',  500.00, '2021-01-15'),
('exp-004', 'cnc-0100001', 'rent',              15000.00, '2021-02-28'),
('exp-005', 'cnc-0100001', 'salaries',          25000.00, '2021-02-28'),
('exp-006', 'cnc-0100001', 'rent',              15000.00, '2021-03-31'),
('exp-007', 'cnc-0100001', 'salaries',          25000.00, '2021-03-31'),
('exp-008', 'cnc-0100001', 'rent',              15000.00, '2021-04-30'),
('exp-009', 'cnc-0100001', 'salaries',          25000.00, '2021-04-30'),
('exp-010', 'cnc-0100001', 'rent',              15000.00, '2021-05-31'),
('exp-011', 'cnc-0100001', 'salaries',          25000.00, '2021-05-31'),
('exp-012', 'cnc-0100001', 'rent',              15000.00, '2021-06-30'),
('exp-013', 'cnc-0100001', 'salaries',          25000.00, '2021-06-30'),
('exp-014', 'cnc-0100001', 'rent',              15000.00, '2021-07-31'),
('exp-015', 'cnc-0100001', 'salaries',          25000.00, '2021-07-31'),
('exp-016', 'cnc-0100001', 'rent',              15000.00, '2021-08-31'),
('exp-017', 'cnc-0100001', 'salaries',          25000.00, '2021-08-31'),
('exp-018', 'cnc-0100001', 'rent',              15000.00, '2021-09-30'),
('exp-019', 'cnc-0100001', 'salaries',          25000.00, '2021-09-30'),
('exp-020', 'cnc-0100001', 'rent',              15000.00, '2021-10-31'),
('exp-021', 'cnc-0100001', 'salaries',          25000.00, '2021-10-31'),
('exp-022', 'cnc-0100001', 'rent',              15000.00, '2021-11-30'),
('exp-023', 'cnc-0100001', 'salaries',          25000.00, '2021-11-30'),
('exp-024', 'cnc-0100001', 'rent',              15000.00, '2021-12-31'),
('exp-025', 'cnc-0100001', 'salaries',          25000.00, '2021-12-31'),
('exp-026', 'cnc-0100002', 'rent',              12000.00, '2021-01-31'),
('exp-027', 'cnc-0100002', 'salaries',          20000.00, '2021-01-31'),
('exp-028', 'cnc-0100002', 'rent',              12000.00, '2021-02-28'),
('exp-029', 'cnc-0100002', 'salaries',          20000.00, '2021-02-28'),
('exp-030', 'cnc-0100002', 'rent',              12000.00, '2021-03-31'),
('exp-031', 'cnc-0100002', 'salaries',          20000.00, '2021-03-31'),
('exp-032', 'cnc-0100002', 'rent',              12000.00, '2021-04-30'),
('exp-033', 'cnc-0100002', 'salaries',          20000.00, '2021-04-30'),
('exp-034', 'cnc-0100002', 'rent',              12000.00, '2021-05-31'),
('exp-035', 'cnc-0100002', 'salaries',          20000.00, '2021-05-31'),
('exp-036', 'cnc-0100002', 'rent',              12000.00, '2021-06-30'),
('exp-037', 'cnc-0100002', 'salaries',          20000.00, '2021-06-30'),
('exp-038', 'cnc-0100002', 'rent',              12000.00, '2021-07-31'),
('exp-039', 'cnc-0100002', 'salaries',          20000.00, '2021-07-31'),
('exp-040', 'cnc-0100002', 'rent',              12000.00, '2021-08-31'),
('exp-041', 'cnc-0100002', 'salaries',          20000.00, '2021-08-31'),
('exp-042', 'cnc-0100002', 'rent',              12000.00, '2021-09-30'),
('exp-043', 'cnc-0100002', 'salaries',          20000.00, '2021-09-30'),
('exp-044', 'cnc-0100002', 'rent',              12000.00, '2021-10-31'),
('exp-045', 'cnc-0100002', 'salaries',          20000.00, '2021-10-31'),
('exp-046', 'cnc-0100002', 'rent',              12000.00, '2021-11-30'),
('exp-047', 'cnc-0100002', 'salaries',          20000.00, '2021-11-30'),
('exp-048', 'cnc-0100002', 'rent',              12000.00, '2021-12-31'),
('exp-049', 'cnc-0100002', 'salaries',          20000.00, '2021-12-31'),
('exp-050', 'cnc-0100003', 'rent',              10000.00, '2021-01-31'),
('exp-051', 'cnc-0100003', 'salaries',          18000.00, '2021-01-31'),
('exp-052', 'cnc-0100003', 'rent',              10000.00, '2021-02-28'),
('exp-053', 'cnc-0100003', 'salaries',          18000.00, '2021-02-28'),
('exp-054', 'cnc-0100003', 'rent',              10000.00, '2021-03-31'),
('exp-055', 'cnc-0100003', 'salaries',          18000.00, '2021-03-31'),
('exp-056', 'cnc-0100004', 'rent',              11000.00, '2021-01-31'),
('exp-057', 'cnc-0100004', 'salaries',          19000.00, '2021-01-31'),
('exp-058', 'cnc-0100004', 'rent',              11000.00, '2021-02-28'),
('exp-059', 'cnc-0100004', 'salaries',          19000.00, '2021-02-28'),
('exp-060', 'cnc-0100004', 'rent',              11000.00, '2021-03-31'),
('exp-061', 'cnc-0100004', 'salaries',          19000.00, '2021-03-31'),
('exp-062', 'cnc-0100005', 'rent',              13000.00, '2021-01-31'),
('exp-063', 'cnc-0100005', 'salaries',          21000.00, '2021-01-31'),
('exp-064', 'cnc-0100005', 'rent',              13000.00, '2021-02-28'),
('exp-065', 'cnc-0100005', 'salaries',          21000.00, '2021-02-28'),
('exp-066', 'cnc-0100006', 'rent',              14000.00, '2021-01-31'),
('exp-067', 'cnc-0100006', 'salaries',          22000.00, '2021-01-31'),
('exp-068', 'cnc-0100006', 'rent',              14000.00, '2021-02-28'),
('exp-069', 'cnc-0100006', 'salaries',          22000.00, '2021-02-28');
